{
    "ricex@enron.com": [
        0.6852566271723987,
        "weight: jshirley1",
        0.30082104425647493,
        "weight: houston.rr.com",
        0.23817135167684805,
        "weight: note",
        0.19950316994059042,
        "weight: address",
        0.18672100338967662,
        "weight: follow",
        0.16826650353891853,
        "weight: e-mail",
        0.12898536605935568,
        "weight: new",
        0.08312034994690455,
        "weight: monthli",
        0.07811249854242551,
        "weight: decemb",
        0.06829477071186016,
        "weight: pleas",
        0.06730709012911887,
        "weight: christian",
        0.06167247857197414,
        "weight: meet",
        0.05557786068733374,
        "weight: room",
        0.051382726183723415,
        "weight: pool",
        0.05034043340285642,
        "weight: 6th",
        0.0479775520876621,
        "weight: arta",
        0.04790465222760426,
        "weight: 713-223-5049fax",
        0.04776031867564576,
        "weight: 713-223-5800",
        0.04680084411943133,
        "weight: fellowship",
        0.04544729308836678,
        "weight: pennzoil"
    ],
    "rob.gay@enron.com": [
        0.09777361829729313,
        "weight: =20",
        0.027899048183757567,
        "weight: europ",
        0.020308675356186443,
        "weight: enron",
        0.020009773698913626,
        "weight: ayscough",
        0.020009773698913626,
        "weight: pedicur",
        0.020009773698913626,
        "weight: sametim",
        0.019687177129781065,
        "weight: niec",
        0.01650263359510017,
        "weight: newslett",
        0.015007330274185219,
        "weight: ebv",
        0.015007330274185219,
        "weight: euroflash",
        0.014981304998770267,
        "weight: desk",
        0.01497602799834549,
        "weight: leisur",
        0.01494504032356594,
        "weight: quiz",
        0.0145956006993742,
        "weight: technolog",
        0.013863974248039963,
        "weight: tool",
        0.013393962259338445,
        "weight: hous",
        0.012657463721111538,
        "weight: age",
        0.012642816436141556,
        "weight: ventur",
        0.012499406231680325,
        "weight: come",
        0.012238076934130404,
        "weight: invest"
    ],
    "mwright@genetherapeutics.com": [
        0.08507187931896405,
        "weight: retir",
        0.07516137760083086,
        "weight: social",
        0.05190808363221977,
        "weight: secur",
        0.04936638892221891,
        "weight: bmb-inc.com",
        0.047109870014873406,
        "weight: senat",
        0.04602932481191406,
        "weight: draw",
        0.037034155623869275,
        "weight: ''",
        0.032910925948145944,
        "weight: bowen/bmb",
        0.032910925948145944,
        "weight: livesay",
        0.03246468861498692,
        "weight: 09/28/2000",
        0.032129179302375015,
        "weight: congressmen",
        0.027851977421918455,
        "weight: bradley",
        0.027130899640406478,
        "weight: pay",
        0.024169013432366993,
        "weight: except",
        0.023832606608775883,
        "weight: sam",
        0.020685724068532516,
        "weight: averag",
        0.020426334392217742,
        "weight: small",
        0.01952802340424718,
        "weight: ray",
        0.018988543601867847,
        "weight: could",
        0.016932478343538972,
        "weight: e-mail"
    ],
    "twesterh@fnmortgage.com": [
        0.15677678206801227,
        "weight: stearn",
        0.14577524652870172,
        "weight: bear",
        0.10143942486065068,
        "weight: account",
        0.08530146319497295,
        "weight: oak",
        0.08146421076267066,
        "weight: 960-1179",
        0.08133044876750713,
        "weight: 4400",
        0.08098984922192844,
        "weight: post",
        0.08042116143844896,
        "weight: c.dtf",
        0.07919759096636404,
        "weight: parkway",
        0.0788462915806729,
        "weight: 1970",
        0.0788462915806729,
        "weight: 77027",
        0.0723154919474827,
        "weight: jile",
        0.07207579515583733,
        "weight: jodi",
        0.07152870641544644,
        "weight: solicit",
        0.06998134718221055,
        "weight: postal",
        0.06388239642998715,
        "weight: co.",
        0.058104753829267906,
        "weight: inc.",
        0.057000905697311546,
        "weight: address",
        0.05414910719257444,
        "weight: transact",
        0.05354857021497535,
        "weight: l."
    ],
    "a..hope@enron.com": [
        0.5573950624914649,
        "weight: mingchen",
        0.2821779863253176,
        "weight: 3-5759",
        0.2509716440233346,
        "weight: utmost",
        0.24933876424252444,
        "weight: urgenc",
        0.24204590197076623,
        "weight: lian",
        0.23823349477859324,
        "weight: ryan",
        0.17820530628668785,
        "weight: assur",
        0.1690639302887244,
        "weight: resolut",
        0.15270221311048246,
        "weight: treat",
        0.14773772628216122,
        "weight: michel",
        0.1464953904013623,
        "weight: sensit",
        0.1429843659660669,
        "weight: cash",
        0.13554238888974812,
        "weight: rais",
        0.11901490272166512,
        "weight: directli",
        0.09769355423361382,
        "weight: non-exempt",
        0.09464677925501812,
        "weight: exempt",
        0.09394451762803578,
        "weight: donna",
        0.08899703688770731,
        "weight: qualif",
        0.0843308832143298,
        "weight: addit",
        0.07785811324568441,
        "weight: la"
    ],
    "gabriella.goekjian@oecd.org": [
        0.24445719648960287,
        "weight: gabriella",
        0.2160448097137035,
        "weight: johnston",
        0.16297146432640192,
        "weight: goekjian",
        0.11412295839439818,
        "weight: oecd",
        0.1026868511976695,
        "weight: occas",
        0.09227027374341822,
        "weight: mr.",
        0.08918425509891652,
        "weight: dinner",
        0.08148573216320096,
        "weight: 10:11:44",
        0.08148573216320096,
        "weight: 5:07",
        0.08148573216320096,
        "weight: gabriella.goekjian",
        0.08148573216320096,
        "weight: kleber",
        0.08148573216320096,
        "weight: sge",
        0.07551032543423591,
        "weight: 8.15",
        0.07551032543423591,
        "weight: oecd.org",
        0.07363036863171078,
        "weight: mrs.",
        0.06921147624151924,
        "weight: donald",
        0.06914379396326209,
        "weight: forum",
        0.06603952984226945,
        "weight: forgotten",
        0.059374099771291156,
        "weight: enron.com'",
        0.059374099771291156,
        "weight: ministeri"
    ],