norwood.john@enron.com,4.779516096469405
bburton@krescentenergy.com,0.22656312054305897
priya.jaisinghani@enron.com,0.12474372723411278
dl-ga-all_enw@enron.com,0.05922603707705904
babe@enron.com,0.04823147715938716
susan.smith@enron.com,0.023948131624993492
kenny.kurtzman@enron.com,0.019239617340384478
don.schroeder@enron.com,0.010693700867452771
rew@texmedctr.tmc.edu,0.004339726447501202
mdebakey@bcm.tmc.edu,0.00259467190722365
